sample	chrom	reg_start	reg_end	reg_pos	lg_pd_mean	pd_mean	first_pos_start	last_pos_end	reg_reads	pos_cov_mean	pos_len_mean	pos_len_sum	reg_len	chrom_len	p_expected	p_observed	fold_enrichment	log_ratio	p_value
sv.B5b_S143	CAXWAE020000004.1	0	4597000	22	4.8084	64327.99272608504	1333270	3668193	47	2.1363636363636362	165.1818181818182	3634	4597000	4597000	0.0020648256982282774	0.001356684755796744	0.6570456561833992	-0.18240445153672422	0.9856891807201812
sv.B5b_S143	CAXWAE020000005.1	0	4559000	37	4.5891	38823.975120576375	265977	4196660	114	3.081081081081081	218.1891891891892	8073	4559000	4559000	0.0020477573109033537	0.002281697089294524	1.1142419451492371	0.04697950325641187	0.27708094335997874
sv.B5b_S143	CAXWAE020000006.1	0	4245000	44	4.5839	38361.890380502715	187687	4128003	98	2.227272727272727	183.97727272727272	8095	4245000	4245000	0.0019067185314289835	0.002713369511593488	1.4230571879741278	0.15322235329759518	0.015350459557260956
sv.B5b_S143	CAXWAE020000011.1	0	1266388	1	5.651	447713.30417636235	1080802	1080931	16	16.0	129.0	129	1266388	3331000	0.0005688210759904093	6.1667488899852e-05	0.10841280589415388	-0.9649194152082816	0.9999016154685574
sv.B5b_S143	CAXWAE020000011.1	1266389	2167619	75	3.7316	5390.139436325507	1266389	2167619	1023	13.64	245.8	18435	901230	3331000	0.0004048037554958169	0.0046250616674889	11.425441599038459	1.0578729947654584	1.0491915247109935e-51
sv.B5b_S143	CAXWAE020000011.1	2167620	3331000	4	4.854	71449.63260755135	2196767	3306849	24	6.0	234.25	937	1163380	3331000	0.000522553169633416	0.000246669955599408	0.4720475732114554	-0.3260142307259037	0.969369278095679
sv.B5b_S143	CAXWAE020000012.1	0	263080	30	3.5255	3353.5130445056075	4728	246579	782	26.066666666666666	261.46666666666664	7844	263080	3298744	0.0001181671404589722	0.00185002466699556	15.655999288887685	1.194680792923823	1.7170991261362008e-25
sv.B5b_S143	CAXWAE020000012.1	263081	851486	285	2.8131	650.2794054723701	263081	851486	7476	26.231578947368423	285.23508771929824	81292	588405	3298744	0.000264292748524257	0.01757523433645782	66.49911673548905	1.8228158768903122	0.0
sv.B5b_S143	CAXWAE020000012.1	851487	2812264	357	3.4269	2672.3909970469035	853116	2809681	2427	6.798319327731092	246.7591036414566	88093	1960777	3298744	0.0008807184551000537	0.02201529353724716	24.99697083643617	1.3978873835229475	0.0
sv.B5b_S143	CAXWAE020000012.1	2812265	3298744	186	3.0597	1147.3607789425284	2812265	3292484	1503	8.080645161290322	257.5268817204301	47900	486479	3298744	0.0002185108420379365	0.011470152935372471	52.492374421316335	1.7200962179339365	2.1434738927316806e-243
sv.B5b_S143	CAXWAE020000014.1	0	473170	2	4.9745	94297.46114598993	375974	414576	12	6.0	265.0	530	473170	3200000	0.0002125328639614257	0.000123334977799704	0.5803101482794165	-0.23633983456520583	0.8583692944401644
sv.B5b_S143	CAXWAE020000014.1	473171	2278592	121	3.7732	5931.984396649728	473171	2278592	917	7.578512396694215	224.32231404958677	27143	1805421	3200000	0.0008109374976987154	0.007461766156882091	9.201407233056983	0.9638542519993712	4.634152560014969e-72
sv.B5b_S143	CAXWAE020000014.1	2278593	3200000	7	4.8107	64669.573982980764	2508666	3163709	13	1.8571428571428572	180.42857142857142	1263	921407	3200000	0.0004138666199972639	0.000431672422298964	1.043023045206733	0.01829390410778846	0.5064661279626413
sv.B5b_S143	CAXWAE020000016.1	0	2788000	73	4.1884	15431.210656577909	471041	2700078	304	4.164383561643835	203.3013698630137	14841	2788000	2788000	0.0012522806279444065	0.004501726689689196	3.594822589469175	0.5556774620858633	1.231038047421139e-19
sv.B5b_S143	CAXWAE020000017.1	0	2706000	30	4.7562	57042.690309986894	107041	2685559	94	3.1333333333333333	181.96666666666667	5459	2706000	2706000	0.0012154488447695712	0.00185002466699556	1.5220917564377576	0.1824408338494375	0.01835411405477269
sv.B5b_S143	CAXWAE020000018.1	0	1511156	18	4.5753	37609.71132597695	486518	1426742	43	2.388888888888889	190.83333333333334	3435	1511156	2653000	0.0006787630504311182	0.001110014800197336	1.6353494779839695	0.21361057665462221	0.032304272423025
sv.B5b_S143	CAXWAE020000018.1	1511157	1642780	14	3.6258	4224.740129875454	1511157	1642780	175	12.5	262.42857142857144	3674	131623	2653000	5.912085118074843e-05	0.000863344844597928	14.603051670525671	1.1644436218926961	2.589756166236279e-12
sv.B5b_S143	CAXWAE020000018.1	1642781	2653000	16	4.4167	26103.575603407866	1697019	2522748	47	2.9375	165.25	2644	1010219	2653000	0.00045375813618413576	0.000986679822397632	2.174461995756338	0.3373518216690741	0.0038529674560814965
sv.B5b_S143	CAXWAE020000020.1	0	2468000	37	4.3998	25107.299313735184	270036	2337770	125	3.3783783783783785	176.6216216216216	6535	2468000	2468000	0.0011085468399450486	0.002281697089294524	2.0582775639932627	0.31350394009717014	5.541224059144187e-05
sv.B5b_S143	CAXWAE020000021.1	0	2463000	30	4.7124	51570.34063026455	159721	2232917	81	2.7	191.06666666666666	5732	2463000	2463000	0.0011063009995075587	0.00185002466699556	1.6722615886807033	0.22330421427193844	0.005661087314966898
sv.B5b_S143	CAXWAE020000022.1	0	2411000	21	4.5259	33566.03166999334	205722	2387365	102	4.857142857142857	215.33333333333334	4522	2411000	2411000	0.001082944258957663	0.001295017266896892	1.19583003112584	0.0776694557478448	0.23505623533261644
sv.B5b_S143	CAXWAE020000023.1	0	2395402	25	4.6471	44371.08003572383	45819	2066670	65	2.6	209.88	5247	2395402	2395402	0.0010759381351288693	0.0015416872224963	1.432877200055416	0.15620897223716476	0.05164662544313423
sv.B5b_S143	CAXWAE020000029.1	0	2042000	18	4.3492	22346.010577312212	470137	1553356	62	3.4444444444444446	157.16666666666666	2829	2042000	2042000	0.0009172012346709032	0.001110014800197336	1.2102194788209322	0.08286413874379388	0.24041924677063822
sv.B5b_S143	CAXWAE020000034.1	0	1702603	13	4.8031	63547.72390486153	89960	1432278	42	3.230769230769231	184.53846153846155	2399	1702603	1702603	0.0007647549332783466	0.000801677355698076	1.0482800709260556	0.020477329410865264	0.46984339733832825
sv.B5b_S143	CAXWAE020000038.1	0	1585509	13	4.8153	65358.18751130741	122975	1334150	30	2.3076923076923075	190.0	2470	1585509	1585509	0.0007121600452408566	0.000801677355698076	1.1256983048339142	0.05142201209433672	0.37251523820258636
sv.B5b_S143	CAXWAE020000049.1	0	1304000	14	4.6479	44452.8899122317	78690	1267908	42	3.0	210.28571428571428	2944	1304000	1304000	0.0005857151860973838	0.000863344844597928	1.4740011273233133	0.16849781567371588	0.10167482167359264
sv.B5b_S143	CAXWAE020000051.1	0	916802	13	4.3825	24126.815325916352	62490	882404	234	18.0	279.84615384615387	3638	916802	1280092	0.00041179820095433564	0.000801677355698076	1.9467723604430562	0.28931517166214343	0.019422567839830988
sv.B5b_S143	CAXWAE020000051.1	916803	1280092	47	3.4446	2783.556237577426	916803	1270811	2278	48.46808510638298	370.2340425531915	17401	363289	1280092	0.00016317782533905865	0.002898371978293044	17.762045622747262	1.2494929812348885	1.9923438955694288e-41
sv.B5b_S143	CAXWAE020000058.1	0	1123000	17	4.4054	25433.141059879385	220330	1113141	50	2.9411764705882355	195.76470588235293	3328	1123000	1123000	0.000504415762260247	0.001048347311297484	2.078339714444931	0.3177165365081953	0.004594095983875023
sv.B5b_S143	CAXWAE020000064.1	0	1041000	14	4.5407	34729.617486579155	56762	953025	26	1.8571428571428572	184.57142857142858	2584	1041000	1041000	0.00046758397908541147	0.000863344844597928	1.846395264197503	0.2663246775590811	0.023326855126786148
sv.B5b_S143	CAXWAE020000084.1	0	815425	35	3.7752	5959.365192559373	55736	677407	940	26.857142857142858	273.6857142857143	9579	815425	815425	0.00036626288774805157	0.00215836211149482	5.89293150820002	0.7703313934481699	3.5808728264706346e-16
sv.B5b_S143	CAXWAE020000259.1	0	24797	26	2.3833	241.71299521044176	47	24797	4192	161.23076923076923	423.96153846153845	11023	24797	172884	1.113802106568775e-05	0.001603354711396152	143.95328415525384	2.158221577336606	9.67862183764088e-47
sv.B5b_S143	CAXWAE020000259.1	24798	172884	30	3.2009	1588.1810142998268	25920	172648	2279	75.96666666666667	426.7	12801	148086	172884	6.65155054052279e-05	0.00185002466699556	27.813434713075996	1.4442546237015412	1.25438419928559e-32
sv.B5b_S143	CAXWAE020000283.1	0	136035	18	3.1895	1547.0345039479193	24431	118842	260	14.444444444444445	270.3888888888889	4867	136035	136035	6.110258078278958e-05	0.001110014800197336	18.16641434742782	1.2592692155415246	5.139698176230169e-17
sv.B5b_S143	CAXWAE020000363.1	0	84000	25	3.0868	1221.2371301653088	1334	81878	255	10.2	233.32	5833	84000	84000	3.773011934983148e-05	0.0015416872224963	40.86091560437075	1.6113080940015352	1.6297465678361202e-31
sv.B5b_S143	CAXWAE020000409.1	0	65427	25	2.9559	903.4414246950021	2092	59158	140	5.6	260.64	6516	65427	65427	2.9387720460731237e-05	0.0015416872224963	52.46025204834615	1.7198303728525608	3.5927351650304303e-34
sv.B5b_S143	CAXWAE020000449.1	0	52976	18	3.1963	1571.4479472806536	434	49598	77	4.277777777777778	233.11111111111111	4196	52976	52976	2.3795128603293716e-05	0.001110014800197336	46.64882542570869	1.668840713086692	3.8621586616947e-24
sv.B5b_S143	OZ183624.2	0	13498326	60	4.9032	80020.26771193327	304255	13309110	484	8.066666666666666	31.816666666666666	1909	13498326	231334465	0.006063017273844444	0.00370004933399112	0.6102653459281651	-0.21448129086509524	0.999987802491307
sv.B5b_S143	OZ183624.2	13498327	13499055	4	2.0446	110.81536978184877	13498327	13499055	126	31.5	48.75	195	728	231334465	3.2699436769853945e-07	0.000246669955599408	754.3553650037679	2.8775759834063046	3.278856521782623e-11
sv.B5b_S143	OZ183624.2	13499056	231334465	1656	4.831	67764.15076106758	13544844	231157979	13833	8.353260869565217	26.36292270531401	43657	217835409	231334465	0.09784471404987326	0.10212136161815491	1.0437085192573792	0.018579228404848006	0.035009152714003046
sv.B5b_S143	OZ183625.2	0	206948852	1500	4.8545	71531.9394075337	24870	206754708	14840	9.893333333333333	25.415333333333333	38123	206948852	206948852	0.09295482006274536	0.092501233349778	0.9951203529557565	-0.0021243911500803537	0.5827509027849735
sv.B5b_S143	OZ183626.2	0	201140252	1376	4.8677	73739.46799576517	89975	200964436	11689	8.494912790697674	25.271802325581394	34774	201140252	212178734	0.09034578230970451	0.08485446472619634	0.9392188827953918	-0.02723318461072351	0.9932872250296
sv.B5b_S143	OZ183626.2	201140253	201145769	7	2.0563	113.84134023961323	201140253	201145769	85	12.142857142857142	204.28571428571428	1430	5516	212178734	2.4776111706389333e-06	0.000431672422298964	174.2292848105149	2.241121153901824	3.2328716610784824e-14
sv.B5b_S143	OZ183626.2	201145770	212178734	92	4.8387	68976.31677186055	201182901	212160584	601	6.532608695652174	22.315217391304348	2053	11032964	212178734	0.004955655339314215	0.005673408978786384	1.1448352620042164	0.05874299763677003	0.10810786165046282
sv.B5b_S143	OZ183627.2	0	112351688	847	4.8363	68596.19085293144	137691	111899370	7605	8.97874852420307	26.10271546635183	22109	112351688	112351688	0.0504647928261313	0.05223236309817464	1.0350258105315766	0.014951179968466025	0.1561884978965825
sv.B5b_S143	OZ183628.2	0	117723036	728	4.8532	71318.13866797402	76683	117563686	6501	8.929945054945055	26.438186813186814	19247	117723036	117723036	0.05287743093457747	0.04489393191909225	0.8490187803306332	-0.07108270303784478	0.999998504075043
sv.B5b_S143	OZ183629.2	0	101758015	745	4.8505	70876.13064511829	363299	101026450	7114	9.548993288590603	28.053691275167786	20900	101758015	106774127	0.045706452985142164	0.04594227923038974	1.0051595831626714	0.0022350175624834545	0.4480487176332802
sv.B5b_S143	OZ183629.2	101758016	106774127	124	4.2405	17398.026980382874	101758016	106423915	499	4.024193548387097	188.2983870967742	23349	5016111	106774127	0.002253076984547649	0.007646768623581648	3.393922478470878	0.5307019182536593	6.018067301282581e-30
sv.B5b_S143	OZ183630.2	0	100879271	672	4.8418	69470.43207498577	323048	100700210	5892	8.767857142857142	24.257440476190474	16301	100879271	100879271	0.045311749223261824	0.041440552540700545	0.9145652783456457	-0.0387852907195307	0.9921786337807742
sv.B5b_S143	OZ183631.2	0	23709450	165	4.8994	79323.1587424496	90813	23240562	1256	7.612121212121212	23.375757575757575	3857	23709450	95320580	0.010649528312129309	0.01017513566847558	0.9554541168632401	-0.01979016394289311	0.732105902226049
sv.B5b_S143	OZ183631.2	23709451	23712964	5	2.7573	571.8735365066644	23709451	23712964	135	27.0	73.2	366	3513	95320580	1.577927491380452e-06	0.00030833744449926	195.406598961978	2.2909392259353725	8.942315481892248e-11
sv.B5b_S143	OZ183631.2	23712965	92584337	498	4.855	71614.34102129027	23770746	92473385	3526	7.080321285140562	25.27710843373494	12588	68871372	95320580	0.030934822444602876	0.030710409472126294	0.9927456195076454	-0.0031620205852628497	0.5717676404088541
sv.B5b_S143	OZ183631.2	92584338	93665459	37	4.0679	11692.301348339213	92584338	93665459	93	2.5135135135135136	192.05405405405406	7106	1081121	95320580	0.0004856050519239185	0.002281697089294524	4.698668352511303	0.6719747921697259	4.9069327653768104e-14
sv.B5b_S143	OZ183631.2	93665460	95320580	4	5.081	120503.59403717986	93702976	94300042	11	2.75	196.5	786	1655120	95320580	0.0007434270849796794	0.000246669955599408	0.3318011417436458	-0.4791221238809409	0.9978099636282216
sv.B5b_S143	OZ183632.2	0	87136867	694	4.8144	65222.88424656395	1238314	86917907	5886	8.481268011527378	24.824207492795388	17228	87136867	87136867	0.03913909990095704	0.04279723729649729	1.0934650363651004	0.03880490099371565	0.009285801270718591
sv.B5b_S143	OZ183633.2	0	27077878	236	4.8048	63796.962266257935	79157	27036680	1973	8.360169491525424	23.233050847457626	5483	27077878	79618381	0.012162518674764	0.014553527380365071	1.1965882864839643	0.07794474717703129	0.003768978870316111
sv.B5b_S143	OZ183633.2	27077879	27078825	3	1.6688	46.64445252037798	27077879	27078825	98	32.666666666666664	282.0	846	946	79618381	4.249130107731021e-07	0.00018500246669955598	435.3890373066144	2.638877489709249	5.4232066425917455e-08
sv.B5b_S143	OZ183633.2	27078826	79618381	386	4.814	65162.83940608428	27104059	78283190	3704	9.595854922279793	24.137305699481864	9317	52539555	79618381	0.023599091437345655	0.02380365071534287	1.0086680997249537	0.0037482859888513516	0.4388949179104473
sv.B5b_S143	OZ183634.2	0	41217073	338	4.8724	74541.821337899	197102	40664159	3362	9.946745562130177	23.72189349112426	8018	41217073	79180592	0.018513393851675195	0.020843611248149974	1.1258665707186868	0.05148692423271551	0.01620230941201798
sv.B5b_S143	OZ183634.2	41217074	41217981	4	1.7806	60.339262821930525	41217074	41217981	5	1.25	119.0	476	907	79180592	4.073954553606803e-07	0.000246669955599408	605.4803811717122	2.782100075659246	7.891749010601922e-11
sv.B5b_S143	OZ183634.2	41217982	79180592	317	4.7727	59251.588770667644	41224871	77916723	3600	11.35646687697161	25.873817034700316	8202	37962610	79180592	0.01705159293013221	0.019548593981253082	1.146437993292015	0.059350570274543143	0.008631585702643446
sv.B5b_S143	OZ183635.2	0	74345968	603	4.8062	64002.951210837055	227529	74115461	5426	8.998341625207297	24.059701492537314	14508	74345968	74345968	0.033393836259747046	0.037185495806610756	1.1135436946318797	0.04670726309902023	0.004318094010084228
sv.B5b_S143	OZ183636.2	0	66984302	476	4.8953	78577.82435590087	265159	66965528	4560	9.579831932773109	25.16386554621849	11978	66984302	67855162	0.03008721082172804	0.029353724716329552	0.9756213326072489	-0.010718712117713114	0.7139238493205176
sv.B5b_S143	OZ183636.2	66984303	66985298	4	1.7752	59.59365192559373	66984303	66985298	60	15.0	185.0	740	995	67855162	4.469222470605038e-07	0.000246669955599408	551.9303575102945	2.741884281973616	1.1423885746447979e-10
sv.B5b_S143	OZ183636.2	66985299	67855162	6	4.8296	67546.05666335011	67018051	67619551	38	6.333333333333333	19.333333333333332	116	869863	67855162	0.00039071470009526736	0.00037000493339911197	0.9469951688761499	-0.02365223655721373	0.6066887705740416
sv.B5b_S143	OZ183637.2	0	57730112	445	4.8551	71630.83273130367	134469	57122645	4109	9.233707865168538	24.096629213483148	10723	57730112	57730112	0.02593052399808498	0.027442032560434138	1.0582907064454534	0.024604982314615307	0.11832573795811722
sv.B5b_S143	OZ183638.2	0	56849043	486	4.8007	63197.514759524354	74441	56757823	4118	8.473251028806585	24.38888888888889	11853	56849043	56849043	0.02553477592040121	0.02997039960532807	1.1737091290228627	0.06956048250621534	0.0002596829474284487
sv.B5b_S143	OZ183639.2	0	54502275	401	4.8474	70372.01717220577	44780	54053852	3617	9.019950124688279	28.24438902743142	11326	54502275	54502275	0.024480682626039717	0.02472866304884065	1.0101296367666301	0.0043771133069303815	0.4259390448373685
sv.B5b_S143	OZ183640.2	0	52478002	385	4.8222	66404.88057745733	386409	52292785	3530	9.168831168831169	27.553246753246754	10608	52478002	52478002	0.02357144379405589	0.02374198322644302	1.007235001550059	0.003130809152951158	0.45011618140917153
sv.B5b_S143	OZ183641.2	0	52743892	407	4.839	69023.98038402427	1332039	52436926	3708	9.11056511056511	25.277641277641276	10288	52743892	52743892	0.02369087309684073	0.025098667982239763	1.0594235121535798	0.025069607154653645	0.1249842986697773
sv.B5b_S143	OZ183642.2	0	42979467	323	4.8461	70161.68330679752	350840	42858911	2306	7.139318885448916	27.43343653250774	8861	42979467	42979467	0.019305004994073133	0.019918598914652197	1.0317841886478374	0.01358886833704755	0.2925981394979097
sv.B5b_S143	OZ183643.2	0	29885044	28	5.2872	193731.39245819574	436383	29870343	273	9.75	37.285714285714285	1044	29885044	29885044	0.013423408058273393	0.001726689689195856	0.12863273482412144	-0.8906484968519672	1.0
sv.B5b_S143	OZ183644.2	0	29388909	216	4.851	70957.77679633888	90645	27266120	1598	7.398148148148148	24.12962962962963	5212	29388909	29388909	0.013200560049182576	0.013320177602368031	1.0090615513841674	0.003917658418466998	0.45616184269109145
sv.B5b_S143	OZ183645.2	0	14526857	122	4.7294	53629.03718008583	310969	13432274	868	7.114754098360656	26.24590163934426	3202	14526857	14526857	0.006525000576046843	0.007523433645781944	1.1530165489027435	0.06183554063864151	0.06544083712741933
sv.B5b_S143	OZ183646.2	0	9179381	55	4.979	95279.61640236521	40590	8680285	588	10.690909090909091	28.727272727272727	1580	9179381	9179381	0.004123085008185421	0.00339171188949186	0.8226150765163486	-0.08480333520144256	0.9387300515749251
