sample	chrom	reg_start	reg_end	reg_pos	lg_pd_mean	pd_mean	first_pos_start	last_pos_end	reg_reads	pos_cov_mean	pos_len_mean	pos_len_sum	reg_len	chrom_len	p_expected	p_observed	fold_enrichment	log_ratio	p_value
sv.B5b_S143	CAXWAE020000012.1	263081	851486	285	2.8131	650.2794054723701	263081	851486	7476	26.231578947368423	285.23508771929824	81292	588405	3298744	0.0002642927485242	0.0175752343364578	66.49911673548905	1.822815876890312	0.0
sv.B5b_S143	CAXWAE020000012.1	851487	2812264	357	3.4269	2672.3909970469035	853116	2809681	2427	6.798319327731092	246.7591036414566	88093	1960777	3298744	0.0008807184551	0.0220152935372471	24.99697083643617	1.3978873835229475	0.0
sv.B5b_S143	CAXWAE020000012.1	2812265	3298744	186	3.0597	1147.3607789425284	2812265	3292484	1503	8.080645161290322	257.5268817204301	47900	486479	3298744	0.0002185108420379	0.0114701529353724	52.492374421316335	1.7200962179339363	2.143473892731681e-243
sv.B5b_S143	CAXWAE020000014.1	473171	2278592	121	3.7732	5931.984396649728	473171	2278592	917	7.578512396694215	224.3223140495868	27143	1805421	3200000	0.0008109374976987	0.007461766156882	9.201407233056983	0.9638542519993712	4.634152560014969e-72
sv.B5b_S143	CAXWAE020000011.1	1266389	2167619	75	3.7316	5390.139436325507	1266389	2167619	1023	13.64	245.8	18435	901230	3331000	0.0004048037554958	0.0046250616674889	11.42544159903846	1.0578729947654584	1.0491915247109937e-51
sv.B5b_S143	CAXWAE020000259.1	0	24797	26	2.3833	241.71299521044176	47	24797	4192	161.23076923076923	423.96153846153845	11023	24797	172884	1.113802106568775e-05	0.0016033547113961	143.95328415525384	2.158221577336606	9.67862183764088e-47
sv.B5b_S143	CAXWAE020000051.1	916803	1280092	47	3.4446	2783.556237577426	916803	1270811	2278	48.46808510638298	370.2340425531915	17401	363289	1280092	0.000163177825339	0.002898371978293	17.762045622747262	1.2494929812348885	1.9923438955694286e-41
sv.B5b_S143	CAXWAE020000409.1	0	65427	25	2.9559	903.441424695002	2092	59158	140	5.6	260.64	6516	65427	65427	2.938772046073124e-05	0.0015416872224963	52.46025204834615	1.7198303728525608	3.5927351650304303e-34
sv.B5b_S143	CAXWAE020000259.1	24798	172884	30	3.2009	1588.1810142998268	25920	172648	2279	75.96666666666667	426.7	12801	148086	172884	6.65155054052279e-05	0.0018500246669955	27.813434713076	1.4442546237015412	1.25438419928559e-32
sv.B5b_S143	CAXWAE020000363.1	0	84000	25	3.0868	1221.2371301653088	1334	81878	255	10.2	233.32	5833	84000	84000	3.773011934983148e-05	0.0015416872224963	40.86091560437075	1.6113080940015352	1.6297465678361202e-31
sv.B5b_S143	CAXWAE020000012.1	0	263080	30	3.5255	3353.5130445056075	4728	246579	782	26.066666666666663	261.46666666666664	7844	263080	3298744	0.0001181671404589	0.0018500246669955	15.655999288887685	1.194680792923823	1.7170991261362008e-25
sv.B5b_S143	CAXWAE020000449.1	0	52976	18	3.1963	1571.4479472806536	434	49598	77	4.277777777777778	233.11111111111111	4196	52976	52976	2.379512860329372e-05	0.0011100148001973	46.64882542570869	1.668840713086692	3.8621586616947e-24
sv.B5b_S143	CAXWAE020000016.1	0	2788000	73	4.1884	15431.210656577909	471041	2700078	304	4.164383561643835	203.3013698630137	14841	2788000	2788000	0.0012522806279444	0.0045017266896891	3.594822589469175	0.5556774620858633	1.231038047421139e-19
sv.B5b_S143	CAXWAE020000283.1	0	136035	18	3.1895	1547.0345039479191	24431	118842	260	14.444444444444445	270.3888888888889	4867	136035	136035	6.110258078278958e-05	0.0011100148001973	18.16641434742782	1.2592692155415246	5.139698176230169e-17
sv.B5b_S143	CAXWAE020000084.1	0	815425	35	3.7752	5959.365192559373	55736	677407	940	26.857142857142858	273.6857142857143	9579	815425	815425	0.000366262887748	0.0021583621114948	5.89293150820002	0.7703313934481699	3.580872826470634e-16
sv.B5b_S143	CAXWAE020000018.1	1511157	1642780	14	3.6258	4224.740129875454	1511157	1642780	175	12.5	262.42857142857144	3674	131623	2653000	5.912085118074843e-05	0.0008633448445979	14.603051670525671	1.164443621892696	2.589756166236279e-12
sv.B5b_S143	CAXWAE020000020.1	0	2468000	37	4.3998	25107.299313735184	270036	2337770	125	3.3783783783783785	176.6216216216216	6535	2468000	2468000	0.001108546839945	0.0022816970892945	2.0582775639932627	0.3135039400971701	5.541224059144187e-05
sv.B5b_S143	CAXWAE020000018.1	1642781	2653000	16	4.4167	26103.575603407862	1697019	2522748	47	2.9375	165.25	2644	1010219	2653000	0.0004537581361841	0.0009866798223976	2.174461995756338	0.3373518216690741	0.0038529674560814
sv.B5b_S143	CAXWAE020000058.1	0	1123000	17	4.4054	25433.141059879385	220330	1113141	50	2.9411764705882355	195.76470588235293	3328	1123000	1123000	0.0005044157622602	0.0010483473112974	2.078339714444931	0.3177165365081953	0.004594095983875
sv.B5b_S143	CAXWAE020000021.1	0	2463000	30	4.7124	51570.34063026455	159721	2232917	81	2.7	191.06666666666663	5732	2463000	2463000	0.0011063009995075	0.0018500246669955	1.6722615886807033	0.2233042142719384	0.0056610873149668
sv.B5b_S143	CAXWAE020000006.1	0	4245000	44	4.5839	38361.89038050272	187687	4128003	98	2.227272727272727	183.97727272727272	8095	4245000	4245000	0.0019067185314289	0.0027133695115934	1.4230571879741278	0.1532223532975951	0.0153504595572609
sv.B5b_S143	CAXWAE020000017.1	0	2706000	30	4.7562	57042.690309986894	107041	2685559	94	3.1333333333333333	181.96666666666667	5459	2706000	2706000	0.0012154488447695	0.0018500246669955	1.5220917564377576	0.1824408338494375	0.0183541140547726
sv.B5b_S143	CAXWAE020000051.1	0	916802	13	4.3825	24126.815325916352	62490	882404	234	18.0	279.84615384615387	3638	916802	1280092	0.0004117982009543	0.000801677355698	1.946772360443056	0.2893151716621434	0.0194225678398309
sv.B5b_S143	CAXWAE020000064.1	0	1041000	14	4.5407	34729.617486579155	56762	953025	26	1.8571428571428568	184.57142857142856	2584	1041000	1041000	0.0004675839790854	0.0008633448445979	1.846395264197503	0.2663246775590811	0.0233268551267861
sv.B5b_S143	CAXWAE020000018.1	0	1511156	18	4.5753	37609.71132597695	486518	1426742	43	2.388888888888889	190.83333333333331	3435	1511156	2653000	0.0006787630504311	0.0011100148001973	1.6353494779839697	0.2136105766546222	0.032304272423025
sv.B5b_S143	CAXWAE020000023.1	0	2395402	25	4.6471	44371.08003572383	45819	2066670	65	2.6	209.88	5247	2395402	2395402	0.0010759381351288	0.0015416872224963	1.432877200055416	0.1562089722371647	0.0516466254431342
sv.B5b_S143	CAXWAE020000049.1	0	1304000	14	4.6479	44452.8899122317	78690	1267908	42	3.0	210.28571428571428	2944	1304000	1304000	0.0005857151860973	0.0008633448445979	1.4740011273233131	0.1684978156737158	0.1016748216735926
sv.B5b_S143	CAXWAE020000022.1	0	2411000	21	4.5259	33566.03166999334	205722	2387365	102	4.857142857142857	215.33333333333331	4522	2411000	2411000	0.0010829442589576	0.0012950172668968	1.19583003112584	0.0776694557478448	0.2350562353326164
sv.B5b_S143	CAXWAE020000029.1	0	2042000	18	4.3492	22346.01057731221	470137	1553356	62	3.4444444444444446	157.16666666666666	2829	2042000	2042000	0.0009172012346709	0.0011100148001973	1.2102194788209322	0.0828641387437938	0.2404192467706382
sv.B5b_S143	CAXWAE020000005.1	0	4559000	37	4.5891	38823.975120576375	265977	4196660	114	3.081081081081081	218.1891891891892	8073	4559000	4559000	0.0020477573109033	0.0022816970892945	1.1142419451492371	0.0469795032564118	0.2770809433599787
sv.B5b_S143	CAXWAE020000038.1	0	1585509	13	4.8153	65358.18751130741	122975	1334150	30	2.3076923076923075	190.0	2470	1585509	1585509	0.0007121600452408	0.000801677355698	1.1256983048339142	0.0514220120943367	0.3725152382025863
sv.B5b_S143	CAXWAE020000034.1	0	1702603	13	4.8031	63547.72390486153	89960	1432278	42	3.230769230769231	184.53846153846155	2399	1702603	1702603	0.0007647549332783	0.000801677355698	1.0482800709260556	0.0204773294108652	0.4698433973383282
sv.B5b_S143	CAXWAE020000014.1	2278593	3200000	7	4.8107	64669.573982980764	2508666	3163709	13	1.8571428571428568	180.42857142857144	1263	921407	3200000	0.0004138666199972	0.0004316724222989	1.043023045206733	0.0182939041077884	0.5064661279626413
sv.B5b_S143	CAXWAE020000014.1	0	473170	2	4.9745	94297.46114598992	375974	414576	12	6.0	265.0	530	473170	3200000	0.0002125328639614	0.0001233349777997	0.5803101482794165	-0.2363398345652058	0.8583692944401644
sv.B5b_S143	CAXWAE020000011.1	2167620	3331000	4	4.854	71449.63260755135	2196767	3306849	24	6.0	234.25	937	1163380	3331000	0.0005225531696334	0.0002466699555994	0.4720475732114554	-0.3260142307259037	0.969369278095679
sv.B5b_S143	CAXWAE020000004.1	0	4597000	22	4.8084	64327.99272608504	1333270	3668193	47	2.136363636363636	165.1818181818182	3634	4597000	4597000	0.0020648256982282	0.0013566847557967	0.6570456561833992	-0.1824044515367242	0.9856891807201812
sv.B5b_S143	CAXWAE020000011.1	0	1266388	1	5.651	447713.3041763624	1080802	1080931	16	16.0	129.0	129	1266388	3331000	0.0005688210759904	6.1667488899852e-05	0.1084128058941538	-0.9649194152082816	0.9999016154685574
